City_ID,City,Lat,Lng,Max Temp,Humidity,Cloudiness,Wind Speed,Country,Date
0,iqaluit,63.7506,-68.5145,31.73,80,90,17.0,CA,1635043762
1,sitka,57.0531,-135.33,48.09,66,90,11.5,US,1635043743
2,provideniya,64.3833,-173.3,24.26,78,100,8.68,RU,1635043780
3,ancud,-41.8697,-73.8203,48.42,77,82,9.42,CL,1635043756
4,talara,-4.5772,-81.2719,66.18,84,92,14.99,PE,1635044200
5,tiznit,29.5833,-9.5,61.79,65,24,1.16,MA,1635043500
6,fortuna,40.5982,-124.1573,59.86,90,90,5.01,US,1635043823
7,port alfred,-33.5906,26.891,56.64,72,27,13.65,ZA,1635044051
8,ilo,-17.6394,-71.3375,61.07,81,36,7.07,PE,1635044200
9,yellowknife,62.456,-114.3525,42.42,80,75,17.27,CA,1635043515
10,ushuaia,-54.8,-68.3,33.46,86,75,12.66,AR,1635043683
11,nur,52.6683,22.3221,41.32,73,100,10.22,PL,1635044201
12,hermanus,-34.4187,19.2345,54.9,71,23,4.9,ZA,1635043722
13,biak,-0.9131,122.8766,84.49,60,45,2.53,ID,1635044201
14,rikitea,-23.1203,-134.9692,74.91,79,100,19.22,PF,1635043629
15,jamestown,42.097,-79.2353,44.29,95,75,1.01,US,1635043716
16,bambari,5.768,20.6757,70.59,93,68,1.07,CF,1635044202
17,albany,42.6001,-73.9662,47.44,81,60,4.94,US,1635043533
18,longyearbyen,78.2186,15.6401,15.64,86,0,6.91,SJ,1635043738
19,atuona,-9.8,-139.0333,78.15,78,17,18.41,PF,1635043747
20,tacna,-18.0056,-70.2483,52.7,81,15,2.35,PE,1635044202
21,pevek,69.7008,170.3133,9.23,91,100,5.28,RU,1635043718
22,te anau,-45.4167,167.7167,54.07,94,100,0.58,NZ,1635044203
23,punta arenas,-53.15,-70.9167,37.51,81,20,17.27,CL,1635044203
24,matara,5.9485,80.5353,83.95,66,61,11.95,LK,1635044203
25,thompson,55.7435,-97.8558,24.96,93,20,0.0,CA,1635043740
26,cabedelo,-6.9811,-34.8339,79.47,76,36,11.56,BR,1635044204
27,roald,62.5833,6.1333,51.94,66,90,13.8,NO,1635043829
28,atar,20.5169,-13.0499,78.49,19,11,7.58,MR,1635044204
29,dubbo,-32.25,148.6167,69.93,35,0,13.8,AU,1635044204
30,barrow,71.2906,-156.7887,30.22,80,90,13.8,US,1635043645
31,tonantins,-2.8731,-67.8022,75.63,94,2,1.66,BR,1635044205
32,bluff,-46.6,168.3333,52.32,94,100,5.99,NZ,1635043730
33,nikolskoye,59.7035,30.7861,34.39,91,72,8.16,RU,1635043713
34,ust-kuyga,70.0167,135.6,4.48,93,100,2.39,RU,1635044205
35,khatanga,71.9667,102.5,6.8,92,95,16.02,RU,1635043747
36,norman wells,65.282,-126.8329,32.04,80,75,0.0,CA,1635044205
37,tautira,-17.7333,-149.15,80.62,86,100,19.46,PF,1635044206
38,pechenga,69.5259,31.1703,23.86,90,67,9.69,RU,1635044206
39,qaqortoq,60.7167,-46.0333,32.77,64,21,5.39,GL,1635044206
40,busselton,-33.65,115.3333,78.04,58,99,7.49,AU,1635043732
41,clyde river,70.4692,-68.5914,17.15,84,92,11.54,CA,1635044207
42,taltal,-25.4,-70.4833,57.97,78,2,4.72,CL,1635043842
43,tura,25.5198,90.2201,76.01,62,19,0.89,IN,1635043760
44,sancti spiritus,21.9297,-79.4425,74.71,90,96,2.33,CU,1635044207
45,klaksvik,62.2266,-6.589,49.12,90,100,13.47,FO,1635043832
46,avarua,-21.2078,-159.775,75.25,53,75,5.75,CK,1635043758
47,novyy urengoy,66.0833,76.6333,27.01,91,100,13.38,RU,1635044208
48,san vicente,-26.6167,-54.1333,60.64,99,100,1.81,AR,1635044208
49,cidreira,-30.1811,-50.2056,64.87,93,100,8.16,BR,1635043715
50,alvaraes,-3.2208,-64.8042,76.84,88,58,2.48,BR,1635044208
51,new norfolk,-42.7826,147.0587,53.92,62,100,3.0,AU,1635044209
52,san cristobal,7.7669,-72.225,71.78,98,100,2.21,VE,1635044209
53,port elizabeth,-33.918,25.5701,55.69,76,0,12.66,ZA,1635044209
54,lucapa,-8.4192,20.7447,64.45,91,94,1.59,AO,1635044210
55,hilo,19.7297,-155.09,80.33,70,20,8.05,US,1635043661
56,namibe,-15.1961,12.1522,63.55,73,78,5.3,AO,1635043652
57,torres,-29.3353,-49.7269,67.82,92,100,3.27,BR,1635044024
58,charters towers,-20.1,146.2667,95.7,26,46,12.71,AU,1635044210
59,chuy,-33.6971,-53.4616,54.07,95,41,7.74,UY,1635043665
60,marsa matruh,31.3525,27.2453,64.6,72,40,5.75,EG,1635044053
61,vaini,-21.2,-175.2,78.96,73,20,9.22,TO,1635043745
62,lebedinyy,58.5167,125.5167,34.79,88,100,13.13,RU,1635044211
63,ribeira grande,38.5167,-28.7,67.08,63,64,11.14,PT,1635044211
64,polunochnoye,60.8697,60.4153,35.69,83,99,4.76,RU,1635044211
65,ostrovnoy,68.0531,39.5131,24.71,90,76,17.78,RU,1635043819
66,lebu,-37.6167,-73.65,48.81,93,13,5.59,CL,1635043716
67,skjervoy,70.0311,20.9714,39.6,50,94,12.77,NO,1635044212
68,salalah,17.0151,54.0924,73.49,68,0,5.75,OM,1635043742
69,zhaotong,27.3167,103.7167,46.2,96,100,2.64,CN,1635044212
70,susangerd,31.5608,48.1831,60.82,22,0,5.99,IR,1635044212
71,hobart,-42.8794,147.3294,54.27,70,75,4.0,AU,1635043721
72,xuddur,4.1213,43.8894,71.28,93,2,8.61,SO,1635044213
73,harper,4.375,-7.7169,76.8,88,89,5.84,LR,1635044213
74,georgetown,5.4112,100.3354,87.73,78,20,3.0,MY,1635043491
75,wanning,18.8003,110.3967,76.32,76,85,16.15,CN,1635043770
76,bredasdorp,-34.5322,20.0403,49.32,81,69,4.61,ZA,1635043730
77,butaritari,3.0707,172.7902,81.21,72,40,7.81,KI,1635043726
78,pemberton,50.3164,-122.8027,46.26,93,100,2.93,CA,1635044000
79,kavieng,-2.5744,150.7967,85.66,68,18,12.19,PG,1635043810
80,airai,-8.9266,125.4092,81.86,33,25,1.81,TL,1635043689
81,panguma,8.1833,-11.1333,69.94,100,100,0.65,SL,1635044214
82,pacific grove,36.6177,-121.9166,61.14,81,100,1.99,US,1635044214
83,kapaa,22.0752,-159.319,84.18,78,40,1.01,US,1635043648
84,esperance,-33.8667,121.9,73.24,39,15,12.55,AU,1635043771
85,nsoko,-27.0333,31.95,72.66,69,100,14.23,SZ,1635044215
86,puerto ayora,-0.7393,-90.3518,68.88,89,79,7.85,EC,1635044215
87,ife,7.4667,4.5667,69.35,99,90,1.36,NG,1635044215
88,corpus christi,27.8006,-97.3964,80.6,86,40,10.0,US,1635044216
89,bubaque,11.2833,-15.8333,82.44,74,100,6.11,GW,1635043712
90,wakkanai,45.4094,141.6739,58.98,58,20,21.85,JP,1635044216
91,ponta do sol,32.6667,-17.1,70.43,65,15,6.06,PT,1635044216
92,sur,22.5667,59.5289,81.3,59,1,7.31,OM,1635044216
93,lorengau,-2.0226,147.2712,85.37,68,98,9.4,PG,1635043758
94,nanortalik,60.1432,-45.2371,35.17,67,26,22.64,GL,1635043785
95,touros,-5.1989,-35.4608,79.7,80,68,12.3,BR,1635043722
96,korla,41.7597,86.1469,51.85,34,50,4.09,CN,1635043818
97,orlik,52.5178,99.825,32.59,65,58,3.98,RU,1635044217
98,mar del plata,-38.0023,-57.5575,53.01,73,20,1.99,AR,1635044217
99,kahului,20.8947,-156.47,82.42,70,1,23.02,US,1635043557
100,george town,5.4112,100.3354,87.73,77,20,1.01,MY,1635044003
101,termoli,41.9888,14.9895,60.22,83,100,13.49,IT,1635044218
102,coquimbo,-29.9533,-71.3436,55.13,76,0,1.14,CL,1635043534
103,arrecife,28.963,-13.5477,69.87,68,20,6.91,ES,1635044218
104,general roca,-39.0333,-67.5833,61.2,39,2,32.14,AR,1635044218
105,severnyy,50.677,36.5532,35.64,75,0,8.95,RU,1635044219
106,east london,-33.0153,27.9116,58.82,66,17,15.41,ZA,1635044151
107,qaanaaq,77.484,-69.3632,-1.59,59,0,7.87,GL,1635043651
108,mataura,-46.1927,168.8643,66.97,56,99,3.89,NZ,1635043716
109,lavrentiya,65.5833,-171.0,24.17,83,100,9.75,RU,1635044219
110,faya,18.3851,42.4509,55.51,30,6,4.61,SA,1635043649
111,arraial do cabo,-22.9661,-42.0278,70.92,89,22,31.9,BR,1635044220
112,merauke,-8.4667,140.3333,86.27,63,72,15.3,ID,1635044220
113,kununurra,-15.7667,128.7333,94.98,43,2,10.36,AU,1635044220
114,lufilufi,-13.8745,-171.5986,78.58,66,90,14.07,WS,1635044220
115,dalvik,65.9702,-18.5286,30.13,95,100,1.23,IS,1635044221
116,taicheng,38.731,113.228,50.14,50,48,3.13,CN,1635044221
117,najran,17.4924,44.1277,59.65,34,9,2.98,SA,1635044222
118,chokurdakh,70.6333,147.9167,-2.11,97,99,5.48,RU,1635043744
119,victoria,22.2855,114.1577,76.24,71,10,1.99,HK,1635043684
120,bethel,41.3712,-73.414,54.01,82,90,0.0,US,1635043439
121,hasaki,35.7333,140.8333,70.29,45,20,4.7,JP,1635043660
122,kloulklubed,7.0419,134.2556,84.7,71,9,4.65,PW,1635044191
123,muravlenko,63.7898,74.523,33.06,98,100,19.98,RU,1635044223
124,sturgis,41.7992,-85.4192,41.14,53,1,5.75,US,1635044223
125,bathsheba,13.2167,-59.5167,83.01,69,20,20.71,BB,1635043781
126,ampanihy,-24.7,44.75,67.42,69,0,4.74,MG,1635043757
127,thomasville,35.8826,-80.082,55.6,93,7,3.58,US,1635044013
128,tuktoyaktuk,69.4541,-133.0374,30.2,86,90,4.61,CA,1635043763
129,mabaruma,8.2,-59.7833,73.6,98,100,4.47,GY,1635044224
130,escanaba,45.7453,-87.0646,45.03,82,61,5.86,US,1635044224
131,kasamwa,-2.85,32.4333,67.14,89,67,2.59,TZ,1635044224
132,dauphin,51.1494,-100.0502,39.34,70,90,11.5,CA,1635044224
133,san jeronimo,-11.9472,-75.2829,54.23,71,100,4.52,PE,1635044225
134,gamba,-2.65,10.0,75.97,88,100,3.67,GA,1635044225
135,lake havasu city,34.4839,-114.3224,77.0,34,1,1.99,US,1635043978
136,launceston,-41.45,147.1667,60.15,57,75,10.0,AU,1635043775
137,kasongo-lunda,-6.4667,16.8167,69.37,98,100,1.43,CD,1635043786
138,dikson,73.5069,80.5464,9.19,86,100,15.61,RU,1635043731
139,pangnirtung,66.1451,-65.7125,23.56,84,99,5.59,CA,1635044226
140,longkou,37.6508,120.3286,57.87,52,35,4.85,CN,1635044226
141,camana,-16.6228,-72.7111,62.58,79,79,8.72,PE,1635044226
142,nouakchott,18.0858,-15.9785,75.13,47,24,12.86,MR,1635043927
143,mbala,-8.8402,31.3659,64.38,48,86,3.47,ZM,1635044227
144,cambados,42.5122,-8.8131,57.85,89,0,3.58,ES,1635044227
145,la palma,33.8464,-118.0467,66.81,82,1,3.0,US,1635044227
146,mahebourg,-20.4081,57.7,76.24,83,40,11.5,MU,1635043666
147,faanui,-16.4833,-151.75,76.87,85,82,15.03,PF,1635043773
148,chapleau,47.8405,-83.4034,33.62,98,100,3.69,CA,1635044228
149,saint-philippe,-21.3585,55.7679,74.75,82,40,13.56,RE,1635043782
150,tevriz,57.509,72.4042,40.75,83,8,8.63,RU,1635044228
151,arona,28.0996,-16.681,66.74,68,20,9.22,ES,1635044228
152,corinto,37.9407,22.9573,67.44,84,60,4.54,GR,1635044228
153,belmonte,-15.8631,-38.8828,75.7,92,69,5.59,BR,1635043933
154,aklavik,68.2191,-135.0107,29.23,95,82,3.09,CA,1635043835
155,nome,64.5011,-165.4064,32.07,74,1,4.61,US,1635043797
156,upernavik,72.7868,-56.1549,19.08,90,100,13.35,GL,1635043632
157,guerrero negro,27.9769,-114.0611,66.47,81,8,17.72,MX,1635044097
158,ecoporanga,-18.3733,-40.8306,68.47,98,54,3.02,BR,1635044229
159,teguise,29.0605,-13.564,64.62,68,20,6.91,ES,1635044229
160,siderno,38.2779,16.302,73.58,93,100,14.47,IT,1635044230
161,ko samui,9.5357,99.9357,85.91,79,20,4.61,TH,1635043936
162,santa maria,-29.6842,-53.8069,61.9,94,90,5.75,BR,1635044230
163,castro,-24.7911,-50.0119,58.55,97,100,5.7,BR,1635043738
164,boquete,8.7833,-82.4333,65.84,100,100,0.54,PA,1635044230
165,nurobod,40.9056,69.8023,38.25,29,0,3.69,UZ,1635044231
166,plavsk,53.7094,37.2919,39.0,85,92,15.37,RU,1635044231
167,port blair,11.6667,92.75,84.24,79,40,2.3,IN,1635044231
168,meulaboh,4.1363,96.1285,83.46,69,77,1.57,ID,1635043832
169,gari,59.4307,62.3497,37.51,83,29,9.69,RU,1635044232
170,cape town,-33.9258,18.4232,55.11,75,20,6.91,ZA,1635044120
171,nuuk,64.1835,-51.7216,27.88,39,97,15.01,GL,1635043834
172,san antonio,29.4241,-98.4936,77.11,78,1,9.22,US,1635043835
173,leningradskiy,69.3833,178.4167,10.44,95,100,8.39,RU,1635043716
174,mangan,27.5167,88.5333,71.73,75,50,2.68,IN,1635044232
175,namatanai,-3.6667,152.4333,84.4,71,78,7.11,PG,1635043719
176,moron,-34.6534,-58.6198,60.55,56,0,3.0,AR,1635044206
177,kodiak,57.79,-152.4072,42.4,87,98,26.89,US,1635043784
178,tiksi,71.6872,128.8694,3.16,94,100,10.25,RU,1635043724
179,cabo san lucas,22.8909,-109.9124,80.51,71,7,1.01,MX,1635044068
180,batemans bay,-35.7167,150.1833,73.98,37,11,9.28,AU,1635044233
181,santa fe,-31.6333,-60.7,59.76,89,0,7.56,AR,1635044233
182,bengkulu,-3.8004,102.2655,78.6,83,99,3.83,ID,1635043611
183,tigil,57.8,158.6667,30.63,94,100,5.59,RU,1635043686
184,calvinia,-31.4707,19.776,37.22,100,90,4.61,ZA,1635044052
185,requena,39.4883,-1.1004,51.71,89,0,1.14,ES,1635044234
186,chapais,49.7834,-74.8492,33.58,93,100,0.81,CA,1635044234
187,lawrenceburg,38.0373,-84.8966,57.67,94,100,4.25,US,1635044234
188,zaozerne,45.1582,33.2787,54.95,69,100,13.85,UA,1635044235
189,saquena,-4.6667,-73.5167,74.39,93,27,2.8,PE,1635044235
190,amapa,1.0,-52.0,74.98,89,99,2.71,BR,1635044235
191,saint paul,44.9444,-93.0933,43.77,80,1,0.0,US,1635044068
192,vestmannaeyjar,63.4427,-20.2734,47.44,83,100,16.37,IS,1635044236
193,gravdal,68.1214,13.5031,37.49,95,100,13.67,NO,1635043792
194,sao joao da barra,-21.6403,-41.0511,72.34,90,5,22.68,BR,1635044236
195,kumluca,36.3703,30.2869,66.74,48,4,5.06,TR,1635044236
196,ixtapa,20.7,-105.2,83.23,84,100,5.01,MX,1635043572
197,nhulunbuy,-12.2333,136.7667,92.01,49,69,14.97,AU,1635044237
198,dingle,10.9995,122.6711,85.48,72,66,3.31,PH,1635043735
199,khvoynaya,58.9,34.5333,33.28,96,100,10.85,RU,1635044237
200,richards bay,-28.783,32.0377,66.42,76,100,16.55,ZA,1635044237
201,hovd,48.0056,91.6419,39.16,29,18,4.07,MN,1635043783
202,caravelas,-17.7125,-39.2481,74.39,90,95,3.33,BR,1635043732
203,talnakh,69.4865,88.3972,23.02,90,100,5.93,RU,1635044238
204,quang ngai,15.1167,108.8,75.7,94,100,8.93,VN,1635044238
205,lasa,46.6166,10.7002,39.61,46,2,1.92,IT,1635044238
206,manuk mangkaw,4.8,119.85,82.09,73,97,5.82,PH,1635044239
207,farah,32.5,62.5,53.17,21,0,0.89,AF,1635044239
208,sinnamary,5.3833,-52.95,78.4,86,93,10.02,GF,1635044239
209,saint anthony,45.0205,-93.218,43.14,77,72,5.35,US,1635044239
210,san patricio,28.017,-97.5169,80.46,71,2,9.37,US,1635044240
211,paamiut,61.994,-49.6678,31.26,42,94,5.23,GL,1635044240
212,yulara,-25.2406,130.9889,80.44,19,3,18.41,AU,1635043696
213,severobaykalsk,55.65,109.3167,36.59,72,63,1.95,RU,1635044240
214,srednekolymsk,67.45,153.6833,-1.8,88,36,3.18,RU,1635044241
215,saskylakh,71.9167,114.0833,6.58,94,100,13.65,RU,1635043687
216,cuernavaca,18.9167,-99.25,74.48,97,100,3.18,MX,1635044024
217,vila franca do campo,37.7167,-25.4333,64.81,84,91,6.29,PT,1635044241
218,bow island,49.8668,-111.3684,48.22,76,92,1.14,CA,1635044241
219,codrington,-38.2667,141.9667,53.42,63,98,15.01,AU,1635044242
220,marinhais,39.0473,-8.7024,63.34,90,2,3.83,PT,1635044242
221,muros,42.7762,-9.0603,57.83,95,1,6.55,ES,1635044242
222,otradnoye,59.7775,30.8181,34.56,91,80,8.05,RU,1635044242
223,labuhan,-6.8844,112.2051,88.7,59,60,2.66,ID,1635043823
224,eyrarbakki,63.863,-21.1481,46.45,81,99,11.43,IS,1635043811
225,riyadh,24.6877,46.7219,75.34,24,0,8.99,SA,1635043576
226,morondava,-20.2833,44.2833,68.74,76,0,6.46,MG,1635043825
227,nouadhibou,20.931,-17.0347,67.66,84,0,18.03,MR,1635043822
228,waingapu,-9.6567,120.2641,88.12,56,71,8.77,ID,1635043787
229,florencia,43.7667,11.25,62.28,65,0,8.05,IT,1635044243
230,america dourada,-11.4553,-41.4361,71.37,90,100,6.02,BR,1635043986
231,sabang,5.8933,95.3214,81.52,74,100,2.95,ID,1635043791
232,douentza,14.9951,-2.9517,87.46,43,97,5.3,ML,1635044244
233,harer,9.3094,42.1258,55.94,25,5,5.75,ET,1635044244
234,tabou,4.423,-7.3528,76.95,88,87,4.45,CI,1635044244
235,sioux lookout,50.1001,-91.917,35.98,93,75,8.05,CA,1635044244
236,masaka,-0.3338,31.7341,62.42,83,100,4.36,UG,1635044245
237,saint-augustin,51.226,-58.6502,40.73,94,100,11.92,CA,1635043795
238,palauig,15.435,119.9045,84.33,66,100,1.63,PH,1635044245
239,acapulco,16.8634,-99.8901,73.22,94,90,12.66,MX,1635043509
240,mizan teferi,6.9833,35.5833,61.5,72,6,3.33,ET,1635044245
241,iskateley,67.6803,53.1512,25.11,91,74,7.99,RU,1635044246
242,saldanha,-33.0117,17.9442,48.25,72,0,8.7,ZA,1635043764
243,grindavik,63.8424,-22.4338,46.35,100,75,9.22,IS,1635043695
244,bud,39.447,-86.1758,54.7,83,100,5.57,US,1635044246
245,sambava,-14.2667,50.1667,74.84,92,94,4.83,MG,1635044246
246,bairiki,1.3292,172.9752,86.0,58,40,5.75,KI,1635044247
247,luderitz,-26.6481,15.1594,56.32,69,0,15.08,NA,1635043730
248,ternate,0.8,127.4,84.38,69,97,2.68,ID,1635043783
249,san quintin,30.4833,-115.95,59.43,75,7,18.66,MX,1635044247
250,makakilo city,21.3469,-158.0858,77.68,71,8,15.64,US,1635044247
251,bobcaygeon,44.5462,-78.542,44.24,73,67,2.53,CA,1635044248
252,colac,-38.3333,143.5833,60.15,45,29,12.37,AU,1635044248
253,carnarvon,-24.8667,113.6333,75.27,69,0,14.97,AU,1635043672
254,salinas,36.6777,-121.6555,63.16,72,100,1.19,US,1635044227
255,broken hill,-31.95,141.4333,65.91,34,0,12.66,AU,1635044248
256,takapau,-40.0333,176.35,53.2,92,100,1.07,NZ,1635044249
257,lompoc,34.6391,-120.4579,64.38,83,1,23.0,US,1635043514
258,zimovniki,47.1483,42.4633,52.02,86,100,4.0,RU,1635044249
259,tongliao,43.6125,122.2653,57.0,32,0,9.93,CN,1635044249
260,tasiilaq,65.6145,-37.6368,32.16,96,100,6.51,GL,1635043768
261,sebastian,35.1668,-94.2669,78.01,89,84,4.92,US,1635044027
262,mount isa,-20.7333,139.5,98.37,20,22,11.5,AU,1635044250
263,half moon bay,37.4636,-122.4286,64.17,79,90,3.0,US,1635044239
264,batagay-alyta,67.8006,130.4114,7.07,92,100,1.95,RU,1635044250
265,narsaq,60.9167,-46.05,28.24,52,32,4.36,GL,1635044251
266,golaghat,26.5167,93.9667,75.29,82,1,2.89,IN,1635044251
267,rio grande,-32.035,-52.0986,57.94,88,77,14.05,BR,1635044251
268,weinan,34.5036,109.5089,60.49,62,9,2.37,CN,1635044251
269,samarai,-10.6167,150.6667,81.36,81,31,11.07,PG,1635044252
270,the valley,18.217,-63.0578,82.81,73,56,17.83,AI,1635044252
271,hithadhoo,-0.6,73.0833,82.8,73,100,12.75,MV,1635043714
272,portland,45.5234,-122.6762,55.36,95,75,1.99,US,1635043886
273,outjo,-20.1167,16.15,57.88,25,0,3.78,NA,1635044252
274,lagoa,39.05,-27.9833,66.67,59,81,12.82,PT,1635043733
275,pisco,-13.7,-76.2167,63.01,82,48,13.8,PE,1635043468
276,padang,-0.9492,100.3543,80.65,81,75,5.32,ID,1635043718
277,berlevag,70.8578,29.0864,37.22,63,91,21.92,NO,1635044253
278,praia,14.9215,-23.5087,77.54,78,20,13.8,CV,1635044253
279,oshnaviyeh,37.0397,45.0983,35.85,51,0,4.27,IR,1635044253
280,meybod,32.2501,54.0166,50.02,22,0,1.32,IR,1635044254
281,cuamba,-14.8031,36.5372,72.34,46,81,4.63,MZ,1635044254
282,hay river,60.8156,-115.7999,40.98,81,40,13.8,CA,1635044254
283,banjar,-8.19,114.9675,85.91,48,90,3.38,ID,1635044255
284,asau,46.4333,26.4,42.76,66,97,0.72,RO,1635044255
285,ust-nera,64.5667,143.2,7.14,93,87,5.46,RU,1635044255
286,westport,41.1415,-73.3579,55.81,71,90,3.0,US,1635043538
287,ciudad guayana,8.3533,-62.6528,77.52,91,100,3.24,VE,1635044256
288,atikokan,48.7555,-91.6216,34.07,83,98,4.34,CA,1635044256
289,ulladulla,-35.35,150.4667,73.76,54,50,9.28,AU,1635044256
290,kulunda,52.566,78.9385,49.01,70,100,17.02,RU,1635044256
291,nandurbar,21.3667,74.25,74.61,73,1,5.84,IN,1635044257
292,bandarbeyla,9.4942,50.8122,77.85,73,46,4.27,SO,1635043746
293,elat,29.5581,34.9482,66.04,59,0,11.5,IL,1635044257
294,garden city,42.3256,-83.331,46.22,86,1,0.0,US,1635043759
295,hobyo,5.3505,48.5268,78.78,80,7,9.37,SO,1635044257
296,ekhabi,53.5102,142.9671,38.03,67,100,16.28,RU,1635044258
297,port lincoln,-34.7333,135.8667,60.69,58,13,10.69,AU,1635044016
298,tuatapere,-46.1333,167.6833,55.58,91,100,2.86,NZ,1635043694
299,impfondo,1.6381,18.0667,69.73,99,86,2.93,CG,1635044258
300,isangel,-19.55,169.2667,80.71,78,75,9.22,VU,1635043648
301,westfield,42.1251,-72.7495,53.44,76,90,1.01,US,1635043977
302,sibolga,1.7427,98.7792,78.71,85,99,0.76,ID,1635043794
303,pedernales,18.0384,-71.744,80.49,68,69,5.55,DO,1635043724
304,baykit,61.67,96.37,35.47,95,100,8.63,RU,1635044259
305,goure,13.9835,10.2704,84.02,19,13,6.73,NE,1635044259
306,kolyvan,55.3053,82.7391,46.02,73,100,19.06,RU,1635044259
307,russell,32.3502,-85.1999,55.99,62,33,1.48,US,1635044260
308,buala,-8.145,159.5921,85.66,67,45,7.29,SB,1635044260
309,wagga wagga,-35.1167,147.3667,69.6,48,40,12.66,AU,1635044260
310,vila,42.0304,-8.1588,46.33,74,0,2.91,PT,1635043836
311,bulaevo,54.9056,70.4439,45.63,84,85,12.86,KZ,1635044260
312,zalantun,48.0,122.7167,52.52,32,6,5.97,CN,1635044261
313,constitucion,-35.3333,-72.4167,50.14,88,2,13.0,CL,1635044261
314,aswan,24.0934,32.907,67.3,42,0,6.91,EG,1635043976
315,cianorte,-23.6633,-52.605,64.54,96,100,11.25,BR,1635044262
316,grand-santi,4.25,-54.3833,73.72,98,100,2.15,GF,1635044262
317,naberera,-4.2,36.9333,61.21,80,68,3.89,TZ,1635044262
318,somerset,40.5668,-74.5496,55.94,89,24,1.01,US,1635044262
319,san pedro de macoris,18.4616,-69.2972,80.49,86,21,7.83,DO,1635044263
320,makat,47.6469,53.3463,47.66,29,18,10.56,KZ,1635044263
321,sao filipe,14.8961,-24.4956,78.53,68,10,9.1,CV,1635044263
322,kramat,-8.1311,113.4499,91.54,45,66,5.19,ID,1635044264
323,severo-kurilsk,50.6789,156.125,40.75,84,67,10.92,RU,1635043734
324,buraydah,26.326,43.975,68.45,25,0,9.24,SA,1635044264
325,coihaique,-45.5752,-72.0662,42.75,75,40,4.61,CL,1635044264
326,bend,44.0582,-121.3153,47.82,84,20,4.0,US,1635043760
327,martapura,-3.4167,114.85,89.69,62,40,3.44,ID,1635044265
328,karratha,-20.7377,116.8463,92.98,21,6,18.28,AU,1635044265
329,necochea,-38.5473,-58.7368,44.6,64,0,3.24,AR,1635044265
330,kavaratti,10.5669,72.642,80.8,76,73,2.24,IN,1635044265
331,camacha,33.0833,-16.3333,66.96,64,75,6.91,PT,1635043820
332,auki,-8.7676,160.7034,86.29,67,47,5.7,SB,1635043813
333,svetlogorsk,52.6333,29.7333,36.68,93,61,10.65,BY,1635043647
334,chipinge,-20.1883,32.6236,71.15,43,2,3.31,ZW,1635044266
335,nokaneng,-19.6667,22.2667,71.62,21,7,6.17,BW,1635044266
336,havoysund,70.9963,24.6622,32.88,56,95,16.31,NO,1635044266
337,husavik,66.0449,-17.3389,30.11,96,100,3.67,IS,1635044267
338,bam,29.106,58.357,62.31,23,1,2.48,IR,1635044267
339,troitsko-pechorsk,62.7084,56.1964,28.47,80,95,1.88,RU,1635044267
340,muborak,39.2553,65.1528,49.08,39,0,7.9,UZ,1635044268
341,tshikapa,-6.4167,20.8,69.51,95,93,2.35,CD,1635044110
342,mindelo,16.8901,-24.9804,76.55,73,20,25.32,CV,1635044268
343,dawlatabad,36.4141,64.9053,49.01,34,0,3.33,AF,1635044268
344,caconda,-13.7333,15.0667,60.1,89,69,2.55,AO,1635043780
345,kruisfontein,-34.0033,24.7314,49.91,79,6,8.01,ZA,1635043808
346,torbat-e jam,35.244,60.6225,50.05,25,0,3.76,IR,1635044269
347,arlit,18.7369,7.3853,81.95,15,3,8.52,NE,1635044110
348,nizhniy tsasuchey,50.5167,115.1333,47.26,34,46,6.6,RU,1635044269
349,dutlwe,-23.9833,23.9,58.69,47,4,13.85,BW,1635043756
350,kadoma,34.7333,135.5833,63.64,50,75,3.44,JP,1635044269
351,kos,36.8933,27.2889,51.71,76,0,9.53,GR,1635044123
352,yarim,14.298,44.3779,48.38,45,7,5.1,YE,1635044270
353,sfantu gheorghe,45.8667,25.7833,41.94,79,47,4.05,RO,1635044262
354,bulgan,48.8125,103.5347,42.51,38,93,2.98,MN,1635044270
355,kharakvasla,18.4333,73.7667,72.72,68,8,2.42,IN,1635044270
356,trinidad,-14.8333,-64.9,89.83,44,28,7.23,BO,1635044271
357,bonavista,48.6499,-53.1147,56.12,100,100,7.07,CA,1635044271
358,bulungu,-4.55,18.6,70.12,99,80,2.3,CD,1635044271
359,camacupa,-12.0167,17.4833,63.82,89,100,2.93,AO,1635044272
360,hukuntsi,-24.0,21.75,55.58,63,1,11.56,BW,1635044272
361,santiago del estero,-27.7951,-64.2615,59.81,52,0,5.48,AR,1635044272
362,mecca,21.4267,39.8261,77.59,63,0,2.37,SA,1635044272
363,aitape,-3.1374,142.3475,83.26,79,100,9.24,PG,1635044273
364,lahaina,20.8783,-156.6825,78.94,79,15,11.88,US,1635044273
365,amahai,-3.3333,128.9167,82.51,75,97,3.87,ID,1635044273
366,vega de alatorre,20.0333,-96.6333,77.02,85,89,2.3,MX,1635044274
367,shenzhen,22.5455,114.0683,77.14,72,10,8.16,CN,1635044028
368,golden,39.7555,-105.2211,58.69,33,75,1.01,US,1635044274
369,dutse,11.7594,9.3392,75.63,67,56,4.63,NG,1635044274
370,miraflores,19.2167,-98.8083,65.03,95,100,4.85,MX,1635044275
371,iquique,-20.2208,-70.1431,59.04,76,20,3.47,CL,1635044275
372,sorong,-0.8833,131.25,82.51,78,100,8.05,ID,1635044275
373,sinegorye,62.0788,150.477,4.57,91,31,0.6,RU,1635044276
374,zhigalovo,54.8097,105.1578,41.68,64,24,2.8,RU,1635044276
375,west wendover,40.7391,-114.0733,45.19,78,100,4.99,US,1635044276
376,ilhabela,-23.7781,-45.3581,72.79,77,89,5.01,BR,1635044277
377,camargo,27.6667,-105.1667,72.52,21,0,6.29,MX,1635044277
378,mounana,-1.4085,13.1586,69.19,98,96,1.12,GA,1635044277
379,yeppoon,-23.1333,150.7333,89.38,69,98,11.68,AU,1635044277
380,mogadishu,2.0371,45.3438,79.14,81,11,10.58,SO,1635044278
381,valparaiso,-33.0393,-71.6273,58.64,54,0,8.05,CL,1635044098
382,alofi,-19.0595,-169.9187,78.69,50,99,19.57,NU,1635043787
383,ugoofaaru,5.6667,73.0,82.38,70,99,12.73,MV,1635044278
384,vredendal,-31.6683,18.5012,54.54,76,0,5.84,ZA,1635044279
385,izhma,65.0083,53.9113,22.1,97,31,4.41,RU,1635043833
386,fallon,39.4735,-118.7774,52.29,74,99,12.66,US,1635044279
387,rome,34.257,-85.1647,57.25,93,0,1.28,US,1635044260
388,vostok,46.4856,135.8833,47.5,43,0,8.23,RU,1635044279
389,patamundai,20.5667,86.5667,79.0,64,44,4.36,IN,1635044280
390,mackay,-21.15,149.2,91.69,55,55,12.66,AU,1635044280
391,gorontalo,0.5412,123.0595,88.47,55,79,5.48,ID,1635044280
392,chenghai,23.4632,116.768,71.51,68,75,6.71,CN,1635044280
393,sokoni,-6.4333,39.55,73.69,74,95,6.58,TZ,1635044281
394,hami,42.8,93.45,48.97,42,100,2.42,CN,1635044281
395,ahipara,-35.1667,173.1667,65.07,78,21,7.29,NZ,1635043774
396,kichera,55.9375,110.0997,36.19,77,70,2.26,RU,1635044282
397,shelui,-4.3667,34.2,74.26,51,40,6.53,TZ,1635044282
398,zacualpan,21.25,-105.1667,83.71,84,93,1.9,MX,1635044282
399,atbasar,51.8,68.3333,44.71,88,69,14.09,KZ,1635044283
400,nioro,13.35,-15.75,74.01,95,100,4.25,GM,1635043770
401,itaqui,-29.1253,-56.5531,59.92,94,75,10.47,BR,1635044283
402,mityana,0.4175,32.0228,61.05,97,56,1.41,UG,1635044283
403,kondinskoye,59.6481,67.41,37.08,84,15,12.46,RU,1635044284
404,warri,5.5167,5.75,73.47,97,97,2.93,NG,1635044284
405,forbes,-33.3833,148.0167,74.91,19,0,14.25,AU,1635044284
406,kawalu,-7.3817,108.2082,86.18,61,83,4.21,ID,1635043794
407,matay,28.419,30.7792,63.95,70,0,11.41,EG,1635044284
408,bentong,3.5181,101.9079,83.25,67,70,0.54,MY,1635044285
409,ciro marina,39.3732,17.126,59.86,86,100,12.21,IT,1635044285
410,dunedin,-45.8742,170.5036,60.8,71,84,8.99,NZ,1635044139
411,oksfjord,70.2396,22.3479,32.92,84,99,4.76,NO,1635044285
412,pacasmayo,-7.4006,-79.5714,63.55,85,78,11.12,PE,1635044286
413,kirakira,-10.4544,161.9205,86.43,69,6,12.95,SB,1635044286
414,zelenets,61.8849,50.7489,30.45,89,99,4.56,RU,1635044286
415,moberly,39.4184,-92.4382,55.44,77,100,7.0,US,1635044287
416,longyan,25.1072,117.0225,59.92,93,100,3.51,CN,1635044287
417,vardo,70.3705,31.1107,36.57,66,69,23.85,NO,1635043754
418,waterloo,43.4668,-80.5164,44.24,88,90,1.01,CA,1635044226
419,huadian,42.9633,126.7478,52.34,44,0,5.1,CN,1635044287
420,avera,33.194,-82.5271,60.71,63,0,3.02,US,1635043753
421,hofn,64.2539,-15.2082,44.85,75,100,1.81,IS,1635043730
422,plettenberg bay,-34.0527,23.3716,55.11,76,57,6.44,ZA,1635044288
423,temba,-25.3803,28.2631,65.1,27,0,5.53,ZA,1635044288
424,beringovskiy,63.05,179.3167,12.67,73,2,7.52,RU,1635043744
425,canaries,28.0,-15.5,62.56,70,75,3.0,ES,1635044288
426,utete,-7.986,38.758,72.43,88,89,0.4,TZ,1635043799
427,yanam,16.7333,82.2167,81.0,70,99,5.03,IN,1635044289
428,tarko-sale,64.9225,77.785,31.37,87,82,14.56,RU,1635044289
429,kerema,-7.9631,145.7785,83.84,72,80,8.23,PG,1635043757
430,birao,10.2849,22.7882,73.42,74,98,4.14,CF,1635044290
431,pimentel,-6.8367,-79.9342,63.32,87,55,12.91,PE,1635044290
432,kungurtug,50.5994,97.5228,35.19,49,40,1.23,RU,1635044290
433,cockburn town,21.4612,-71.1419,82.98,69,95,19.44,TC,1635044187
434,geraldton,-28.7667,114.6,82.81,39,0,10.36,AU,1635043785
435,port hardy,50.6996,-127.4199,50.0,93,20,3.44,CA,1635044291
436,coxim,-18.5067,-54.76,87.06,49,35,13.2,BR,1635044291
437,sault sainte marie,46.5168,-84.3333,44.42,81,90,3.44,CA,1635044291
438,college,64.8569,-147.8028,34.59,80,75,0.0,US,1635043530
439,otjimbingwe,-22.35,16.1333,60.84,34,0,1.99,NA,1635044292
440,maxixe,-23.8597,35.3472,72.77,90,6,9.22,MZ,1635044108
441,grand-lahou,5.1367,-5.0242,76.33,89,99,2.42,CI,1635044292
442,hamilton,39.1834,-84.5333,55.42,89,90,0.0,US,1635043515
443,panuco,22.05,-98.1667,81.03,89,25,5.21,MX,1635044292
444,vila velha,-20.3297,-40.2925,73.35,88,75,8.05,BR,1635044293
445,moose factory,51.2585,-80.6094,35.6,100,90,4.61,CA,1635044293
446,taoudenni,22.6783,-3.9836,80.17,23,0,7.96,ML,1635043464
447,kapuskasing,49.4169,-82.4331,33.8,100,75,5.75,CA,1635044293
448,yerbogachen,61.2767,108.0108,32.85,72,100,12.68,RU,1635044293
449,poiana sibiului,45.8,23.7333,29.61,71,4,4.36,RO,1635044294
450,mikhaylovka,50.06,43.2379,41.99,70,44,7.83,RU,1635044294
451,kanniyakumari,8.0833,77.5667,80.64,79,100,10.78,IN,1635044294
452,cleethorpes,53.5605,-0.0323,52.12,66,100,19.55,GB,1635044295
453,karaidel,55.8337,56.9069,41.81,94,100,6.62,RU,1635044295
454,merrill,45.1805,-89.6835,37.58,84,90,0.0,US,1635044295
455,lamu,-2.2717,40.902,76.28,83,70,5.35,KE,1635044296
456,mount gambier,-37.8333,140.7667,57.11,58,90,12.66,AU,1635044180
457,cardinal,44.7834,-75.3826,42.28,100,1,0.0,CA,1635044079
458,beloha,-25.1667,45.05,68.63,78,0,3.09,MG,1635043798
459,mirabad,30.4362,61.8383,57.16,29,0,9.95,AF,1635043808
460,flinders,-34.5833,150.8552,74.8,54,31,12.84,AU,1635043761
461,sechura,-5.5569,-80.8222,65.75,78,97,13.6,PE,1635044296
462,abnub,27.2696,31.1511,61.02,64,0,9.8,EG,1635044297
463,pochutla,15.7432,-96.4661,76.82,89,64,3.44,MX,1635044297
464,zyryanka,65.75,150.85,2.46,74,7,10.4,RU,1635043843
465,neyvo-shaytanskiy,57.7286,61.2496,37.47,93,28,7.27,RU,1635044297
466,dandong,40.1292,124.3947,56.59,56,0,5.1,CN,1635044298
467,shelby,35.2001,-89.8668,69.98,74,1,1.99,US,1635044298
468,neuquen,-38.9516,-68.0591,60.69,31,0,6.91,AR,1635044298
469,malartic,48.1335,-78.1328,39.31,90,78,4.68,CA,1635044197
470,novaya igirma,57.1334,103.9112,36.68,81,100,12.24,RU,1635044299
471,eyl,7.9803,49.8164,76.73,78,7,6.91,SO,1635043753
472,liverpool,53.4106,-2.9779,54.14,77,75,8.99,GB,1635043953
473,norden,53.6,7.2,48.18,83,100,1.99,DE,1635044299
474,tyup,42.7276,78.3648,36.14,51,1,0.51,KG,1635044299
475,emerald,-23.5333,148.1667,89.74,43,94,8.05,AU,1635044300
476,poso,-1.3959,120.7524,87.06,61,21,5.06,ID,1635044300
477,itaituba,-4.2761,-55.9836,75.58,94,99,2.68,BR,1635044300
478,teahupoo,-17.8333,-149.2667,75.16,85,100,17.16,PF,1635044300
479,ilulissat,69.2167,-51.1,23.02,74,90,14.97,GL,1635043774
480,wuda,39.4994,106.7117,54.21,33,4,3.56,CN,1635044301
481,aden,12.7794,45.0367,82.81,70,10,9.28,YE,1635043780
482,livadi,40.125,22.1517,47.28,84,96,1.41,GR,1635044301
483,deniliquin,-35.5333,144.9667,66.0,26,3,13.96,AU,1635044302
484,souillac,-20.5167,57.5167,76.35,83,40,11.5,MU,1635043765
485,la ronge,55.1001,-105.2842,37.65,70,75,17.27,CA,1635044302
486,muromtsevo,56.3724,75.2418,43.66,83,24,12.08,RU,1635044302
487,oarai,36.3167,140.6,70.34,65,0,0.81,JP,1635044302
488,katsuura,35.1333,140.3,62.71,51,13,6.31,JP,1635043777
489,noyabrsk,63.1994,75.4507,34.74,93,100,18.52,RU,1635044303
490,benghazi,32.1167,20.0667,73.76,46,61,18.23,LY,1635044303
491,sabla,12.7525,4.7077,79.07,66,100,6.13,NG,1635044303
492,tual,-5.6667,132.75,83.91,75,80,11.36,ID,1635044304
493,penzance,50.1186,-5.5371,55.76,88,88,25.55,GB,1635044304
494,srikakulam,18.3,83.9,79.48,69,94,4.97,IN,1635044304
495,carutapera,-1.195,-46.02,78.21,86,99,4.88,BR,1635044304
496,praia da vitoria,38.7333,-27.0667,63.75,88,75,9.91,PT,1635044305
497,durban,-29.8579,31.0292,65.93,68,93,8.99,ZA,1635044239
498,micheweni,-4.9667,39.8333,78.78,70,98,5.57,TZ,1635044305
499,antofagasta,-23.65,-70.4,58.28,78,24,7.63,CL,1635044234
500,sola,-13.8833,167.55,81.23,77,9,16.55,VU,1635043816
501,portel,-1.9356,-50.8211,76.5,83,100,2.44,BR,1635044122
502,rutland,43.6167,-73.0162,41.7,88,98,2.53,US,1635044306
503,vyazma,55.2104,34.2951,36.68,96,100,11.86,RU,1635044306
504,sept-iles,50.2001,-66.3821,46.92,93,90,2.3,CA,1635044306
505,maniitsoq,65.4167,-52.9,26.13,48,100,5.59,GL,1635043814
506,aripuana,-9.1667,-60.6333,77.0,77,45,3.24,BR,1635044306
507,cherskiy,68.75,161.3,-5.24,100,88,4.54,RU,1635043751
508,nemuro,43.3236,145.575,55.83,63,11,15.55,JP,1635044307
509,humaita,-7.5061,-63.0208,80.83,67,65,2.33,BR,1635044307
510,high level,58.5169,-117.136,39.31,100,90,8.05,CA,1635044307
511,muroran,42.3172,140.9881,62.85,58,0,19.3,JP,1635044308
512,trapani,37.8333,12.6667,68.18,79,100,4.45,IT,1635044308
513,altamira,-3.2033,-52.2064,73.8,92,40,1.32,BR,1635044308
514,boyolangu,-8.1181,111.8935,87.76,55,73,7.02,ID,1635044309
515,basco,20.4487,121.9702,81.23,77,34,18.12,PH,1635044309
516,sheridan,44.8333,-106.9173,45.66,87,90,1.01,US,1635044309
517,benjamin hill,30.1667,-111.1,70.21,45,41,9.19,MX,1635044309
518,liaocheng,36.4439,115.9647,61.97,46,26,8.32,CN,1635044310
519,tomatlan,19.9333,-105.25,76.14,95,95,1.23,MX,1635044310
520,ikongo,-21.8833,47.4333,67.71,63,8,3.06,MG,1635044310
521,huarmey,-10.0681,-78.1522,63.46,85,28,10.96,PE,1635044310
522,bongandanga,1.5,21.05,69.37,100,95,2.82,CD,1635044311
523,livingston,55.9029,-3.5226,53.67,83,40,10.36,GB,1635044311
524,grasse,43.6667,6.9167,55.8,73,0,4.61,FR,1635044311
525,shihezi,44.3,86.0333,44.53,59,0,3.78,CN,1635044312
526,itarema,-2.9248,-39.9167,79.56,80,72,11.81,BR,1635044312
527,ayagoz,47.9714,80.4392,37.09,47,38,9.78,KZ,1635044312
528,aguimes,27.9054,-15.4461,66.83,66,75,11.5,ES,1635043789
529,butler,39.4501,-84.5666,55.35,81,90,5.75,US,1635044313
530,reguengos de monsaraz,38.4253,-7.5349,53.28,49,2,4.23,PT,1635044313
531,roma,43.2128,-75.4557,46.67,91,83,4.0,US,1635044313
532,refojos de basto,41.5132,-7.9952,53.67,71,0,2.91,PT,1635044313
533,adrar,20.5022,-10.0711,78.17,16,35,9.17,MR,1635044314
534,bilma,18.6853,12.9164,79.25,16,27,5.59,NE,1635043743
535,herrin,37.8031,-89.0276,55.35,97,75,0.0,US,1635044314
536,naze,28.3667,129.4833,70.72,65,99,20.45,JP,1635043780
537,roebourne,-20.7833,117.1333,91.65,24,17,18.19,AU,1635044315
538,funtua,11.5233,7.3081,67.96,84,59,3.62,NG,1635044315
539,banepa,27.6298,85.5214,66.52,83,75,0.0,NP,1635044315
540,byron bay,-28.65,153.6167,92.05,52,53,11.41,AU,1635044315
541,kampene,-3.6,26.6667,67.24,96,82,1.19,CD,1635044316
542,beroroha,-21.6667,45.1667,68.04,46,0,1.12,MG,1635044316
543,sumter,28.7086,-82.0831,77.11,82,100,5.32,US,1635044316
544,henderson,36.0397,-114.9819,73.83,31,1,13.8,US,1635044103
545,sherlovaya gora,50.5667,116.25,38.12,52,24,4.29,RU,1635044317
546,mobaye,4.319,21.1786,69.42,95,58,1.74,CF,1635044317
547,saint george,37.1041,-113.5841,67.24,35,28,3.0,US,1635044317
548,lilongwe,-13.9669,33.7873,72.43,48,35,3.51,MW,1635044318
549,champerico,14.3,-91.9167,83.77,80,80,8.61,GT,1635044318
550,makarov,48.6333,142.8,50.81,60,2,14.12,RU,1635044318
551,maria aurora,15.7967,121.4737,75.38,98,100,0.63,PH,1635044318
552,suluq,31.6682,20.2521,70.11,40,49,13.2,LY,1635044319
553,warah,27.4481,67.7978,76.17,38,0,7.85,PK,1635044319
554,axim,4.8699,-2.2405,76.57,87,70,2.21,GH,1635044319
555,laguna,38.421,-121.4238,62.6,76,90,4.61,US,1635044320
